{
    "R2": 0.6947147193469299,
    "RMSE": 5.4880267034700925
}